,Name,Address,City,Zip,State
0,1650 Union Hill Road,1650 Union Hill Rd,Alpharetta,30005,Georgia
1,3200 Webb Bridge Rd,3200 Webb Bridge Rd,Alpharetta,30005,Georgia
2,365 Data Centers - Alpharetta,11650 Great Oaks Way,Alpharetta,30022,Georgia
3,4905 North Point Pkwy,4905 North Point Pkwy,Alpharetta,30009,Georgia
4,Flexential Atlanta - Alpharetta Data Center,12655 Edison Drive,Alpharetta,30005,Georgia
5,STACK Infrastructure ATL01B,3200 Webb Bridge Rd,Alpharetta,30005,Georgia
6,Byrd Farms Technology Campus,Lonergan Hulme Rd & Nature's Way,Appling,30802,Georgia
7,Byrd Farms Technology Campus DC1,Lonergan Hulme Rd & Nature's Way,Appling,30802,Georgia
8,Byrd Farms Technology Campus DC10,Lonergan Hulme Rd & Nature's Way,Appling,30802,Georgia
9,Byrd Farms Technology Campus DC11,Lonergan Hulme Rd & Nature's Way,Appling,30802,Georgia
10,Byrd Farms Technology Campus DC12,Lonergan Hulme Rd & Nature's Way,Appling,30802,Georgia
11,Byrd Farms Technology Campus DC13,Lonergan Hulme Rd & Nature's Way,Appling,30802,Georgia
12,Byrd Farms Technology Campus DC14,Lonergan Hulme Rd & Nature's Way,Appling,30802,Georgia
13,Byrd Farms Technology Campus DC15,Lonergan Hulme Rd & Nature's Way,Appling,30802,Georgia
14,Byrd Farms Technology Campus DC16,Lonergan Hulme Rd & Nature's Way,Appling,30802,Georgia
15,Byrd Farms Technology Campus DC17,Lonergan Hulme Rd & Nature's Way,Appling,30802,Georgia
16,Byrd Farms Technology Campus DC18,Lonergan Hulme Rd & Nature's Way,Appling,30802,Georgia
17,Byrd Farms Technology Campus DC2,Lonergan Hulme Rd & Nature's Way,Appling,30802,Georgia
18,Byrd Farms Technology Campus DC3,Lonergan Hulme Rd & Nature's Way,Appling,30802,Georgia
19,Byrd Farms Technology Campus DC4,Lonergan Hulme Rd & Nature's Way,Appling,30802,Georgia
20,Byrd Farms Technology Campus DC5,Lonergan Hulme Rd & Nature's Way,Appling,30802,Georgia
21,Byrd Farms Technology Campus DC6,Lonergan Hulme Rd & Nature's Way,Appling,30802,Georgia
22,Byrd Farms Technology Campus DC7,Lonergan Hulme Rd & Nature's Way,Appling,30802,Georgia
23,Byrd Farms Technology Campus DC8,Lonergan Hulme Rd & Nature's Way,Appling,30802,Georgia
24,Byrd Farms Technology Campus DC9,Lonergan Hulme Rd & Nature's Way,Appling,30802,Georgia
25,White Oak Technology Park,Innovation Pkwy / Morris Callaway Road,Appling,30802,Georgia
26,10 Forsyth St NW,10 Forsyth St NW,Atlanta,30303,Georgia
27,1101 Donnelly Avenue,1101 Donnelly Avenue,Atlanta,30310,Georgia
28,180 Peachtree Street NW,180 Peachtree Street NW,Atlanta,30303,Georgia
29,1800 Tilford Yard,1800 Tilford Yard,Atlanta,30318,Georgia
30,40 Perimeter Center E,40 Perimeter Center E,Atlanta,30338,Georgia
31,4165 Ben Hill Rd,4165 Ben Hill Rd,Atlanta,30349,Georgia
32,450 Interstate North Parkway,450 Interstate North Parkway,Atlanta,30339,Georgia
33,470 East Paces Ferry Road,470 East Paces Ferry Road,Atlanta,30327,Georgia
34,4764 Bakers Ferry Rd SW,4764 Bakers Ferry Rd SW,Atlanta,30336,Georgia
35,55 Marietta St,55 Marietta St,Atlanta,30303,Georgia
36,55 Marietta Street,55 Marietta Street,Atlanta,30303,Georgia
37,56 Marietta Street (ATL13),56 Marietta Street,Atlanta,30303,Georgia
38,56 Marietta Street NW,56 Marietta Street NW,Atlanta,30305,Georgia
39,"56 Marietta is a 160,000 square foot fully-dedicated interconnect data center and colocation facility and is home to the Southeast's largest concentration of telecommunications connectivity.",250 Williams Street NW,Atlanta,30303,Georgia
40,6855 Cresecent Drive,6855 Cresecent Drive,Atlanta,30340,Georgia
41,760 Doug Davis Dr,760 Doug Davis Dr,Atlanta,30354,Georgia
42,"A proposed 2.255 million sq ft, seven-building data center campus located in Winston, Georgia, southwest of Atlanta, developed by Trammell Crow Company.",34 Peachtree St.,Atlanta,30303,Georgia
43,ATL4 a single-tenant data center located less than 30 minutes from downtown Atlanta. The site is backed by an adjacent Georgia Power substation and will deliver 40MW of critical IT load.,180 Peachtree Street,Atlanta,30303,Georgia
44,"ATL5 is DataBank’s first facility deployed on the new Lithia Springs Campus, providing a state-of-the-art facility with ample power and cooling for the most demanding workloads.",1800 Tilford Yard,Atlanta,30318,Georgia
45,Atlanta Data Center,55 Marietta St NW,Atlanta,30303,Georgia
46,"Atlanta's other carrier hotel and data center. Wholesale data center building located in the heart of Atlanta, GA. Space delivered in a powered shell condition. Build-to-suit improvements available.",345 Courtland St. NE,Atlanta,30308,Georgia
47,"Bolingbroke Technology Center is a planned 900-acre data center campus in Monroe County, Georgia, designed to support large-scale digital infrastructure.",2374 Fairburn Road Southwest,Atlanta,30303,Georgia
48,Cogent Data Center - Atlanta 2,1190 Allene Ave SW,Atlanta,30310,Georgia
49,"Colo@55 in Atlanta, GA, USA. Downtown Atlanta datacenter with rich bandwidth mix and fully redundant infrastructure.",1593 NE Expressway,Atlanta,30329,Georgia
50,Coloblox Marietta Data Center,2812 Spring Rd SE,Atlanta,30339,Georgia
51,CoreSite Atlanta (AT1),55 Marietta Street NW,Atlanta,30303,Georgia
52,CoreSite's Atlanta AT1 data center facility is in the heart of downtown. This strategic location serves as a vital hub for businesses to deploy their IT infrastructure.,1150 White St SW,Atlanta,30310,Georgia
53,"Cyxtera Technologies combines a worldwide footprint of 50+ best-in-class data centers with a portfolio of modern, cloud- and hybrid-ready security and analytics offerings.",250 Williams Street,Atlanta,30303,Georgia
54,DataBank ATL2 - Atlanta West End,1100 White St SW,Atlanta,30310,Georgia
55,"Easily accessible and conveniently located in the emerging data center cluster of Lithia Springs, T5@Atlanta sits 20 minutes from Atlanta’s Hartsfield-Jackson International Airport and just 20 minutes west of downtown Atlanta, with easy access to local freeways.",34 Peachtree Street,Atlanta,30303,Georgia
56,EdgeConneX Atlanta - ATL01,1003 Donnelly Ave SW,Atlanta,30310,Georgia
57,"EdgeConneX Atlanta Edge Data Center - Space, Power & Connectivity. Where you ASK for it.",55 Marietta St NW,Atlanta,30303,Georgia
58,"EdgeConneX Atlanta Edge Data Center - Space, Power & Connectivity. Where you ASK for it.",760 W Peachtree St NW,Atlanta,30308,Georgia
59,"Grind Capital Group has secured zoning approval to develop a 108MW data center campus in Marietta, Georgia, just northwest of Atlanta.",953 Donnelly Ave SW,Atlanta,30310,Georgia
60,Hivelocity - Atlanta 2,250 Williams Street NW,Atlanta,30303,Georgia
61,"Located in Alpharetta, a growing technology hub, this 7MW facility boasts close proximity to several major Fortune 500 companies in Atlanta.",1025 Jefferson Street NW,Atlanta,30318,Georgia
62,Lumen Atlanta,345 Courtland St NE,Atlanta,30308,Georgia
63,Lumen Atlanta 2,"180 Peachtree St., N.W.",Atlanta,30303,Georgia
64,Lumen Atlanta 6,874 Dekalb Avenue,Atlanta,30307,Georgia
65,Microsoft East Point (ATL06),4165 Ben Hill Rd,Atlanta,30349,Georgia
66,Microsoft East Point (ATL07),4165 Ben Hill Rd,Atlanta,30349,Georgia
67,"Mission-Critical, SAS 70 Type-II, Tier 4, Carrier Neutral Data Center",55 Marietta Street,Atlanta,30303,Georgia
68,Performive Atlanta Data Center 1,55 Marietta,Atlanta,30303,Georgia
69,"QTS is a leading provider of data center solutions across a diverse footprint spanning more than 6M SF of owned mega scale data center space to more than 1,100 leading Hyperscale technology companies, enterprises, and government entities.",180 Peachtree Street,Atlanta,30303,Georgia
70,"TA Realty's ATL03 data center campus, located in Union City, Georgia, is set to become a significant addition to the region's data infrastructure. The campus will feature four state-of-the-art data center buildings, each spanning 250,000 square feet, and is scheduled for completion in 2030.",270 Peachtree St,Atlanta,30303,Georgia
71,"The Edged ATL2 data center is a beacon of modern IT infrastructure, situated in the heart of Atlanta, Georgia.",1800 Tilford Yard,Atlanta,30318,Georgia
72,"The Edged Atlanta Campus is a cutting-edge data center infrastructure, meticulously designed to cater to the burgeoning needs of cloud services and data storage, encompassing three architecturally advanced buildings, each embodying the pinnacle of sustainable design and energy efficiency.",1033 Jefferson St,Atlanta,30319,Georgia
73,T5 Data Centers - T5@Augusta,2865 Gordon Hwy,Augusta,30909,Georgia
74,101 Aquila Way,101 Aquila Way,Austell,30122,Georgia
75,"Serverfarm is planning to develop a new natural gas-powered data center in Covington, Georgia. The project involves converting a 498,960-square-foot warehouse into a state-of-the-art data center.",Interstate 75 & Highfalls Park Rd,Barnesville,30204,Georgia
76,FOGO Solutions,340 Tom Reeve Drive,Carrollton,30117,Georgia
77,"The Wallace Jackson Data Center Campus in Griffin, Georgia, is a proposed large-scale development spanning 189 acres, potentially featuring ten buildings totaling up to 4.986 million sq ft, with full build-out anticipated by 2035.",151 Etowah Ridge Trail SE,Cartersville,30120,Georgia
78,2380 Godby Rd,2380 Godby Rd,College Park,30349,Georgia
79,4311 Best Rd,4311 Best Rd,College Park,30337,Georgia
80,"Amazon Data Services has purchased approximately 1,000 acres in Barnesville, Georgia, located 55 miles south of Atlanta. The acquisition, valued at $270 million, secures land on the west side of Interstate 75 near Exit 198, formerly part of the Legacy 75 Trade Center.",4380 Stacks Rd,College Park,30349,Georgia
81,"The Edged ATL1 data center is a beacon of modern IT infrastructure, situated in the heart of Atlanta, Georgia.",1800 Phoenix Blvd,College Park,30349,Georgia
82,8 Corporate Ridge pkwy,8 Corporate Ridge pkwy,Columbus,31907,Georgia
83,1726 Farmer Road,1726 Farmer Road,Conyers,30012,Georgia
84,Project Splice,Old Nesbit Road & 13th Ave,Cordele,31015,Georgia
85,Gregory Road Data Center,Gregory Road,Covington,30014,Georgia
86,"Project Bunkhouse is an ambitious data center campus planned for Stilesboro, Georgia, approximately 60 kilometers northwest of downtown Atlanta. The campus will span an impressive 8.6 million square feet across 755 acres of largely undeveloped land.",10835 Hazelbrand Rd NE,Covington,30014,Georgia
87,LN Compute,50 Industrial Blvd,Cuthbert,39840,Georgia
88,CleanSpark Dalton 1,1022 Enterprise Dr,Dalton,30721,Georgia
89,CleanSpark Dalton 2,1850 Abutment Rd,Dalton,30721,Georgia
90,Core Scientific Dalton,2205 Industrial South Rd,Dalton,30721,Georgia
91,7800 W Strickland St,7800 W Strickland St,Douglasville,30134,Georgia
92,Flexential Atlanta - Douglasville 1 Data Center,1700 N. River Rd,Douglasville,30122,Georgia
93,Flexential Atlanta - Douglasville 2 Data Center,1750 N. River Rd.,Douglasville,30122,Georgia
94,7015 Adams Park Rd,7015 Adams Park Rd,Dry Branch,31020,Georgia
95,4350 E Tanners Church Rd,4350 E Tanners Church Rd,Ellenwood,30294,Georgia
96,T5 Data Centers - T5@Atlanta IV,"within Gullatt Road, Fairburn, Georgia",Fairburn,30268,Georgia
97,1435 Hwy 54 W,1435 Hwy 54 W,Fayetteville,30214,Georgia
98,"Project Rita is a proposed data center campus in Tyrone, Georgia, encompassing two one-story buildings with a combined capacity of 96MW. The development spans 145.5 acres and includes an on-site substation.",1435 Hwy 54 W,Fayetteville,30214,Georgia
99,QTS Atlanta-Fayetteville,1435 Hwy 54 W,Fayetteville,30214,Georgia
100,QTS Atlanta-Fayetteville DC11,1435 Hwy 54 W,Fayetteville,30214,Georgia
101,QTS Atlanta-Fayetteville DC13,1435 Hwy 54 W,Fayetteville,30214,Georgia
102,QTS Atlanta-Fayetteville DC16,Veterans Pkwy,Fayetteville,30214,Georgia
103,QTS Atlanta-Fayetteville DC7,1435 Hwy 54 W,Fayetteville,30214,Georgia
104,QTS Atlanta-Fayetteville DC9,1435 Hwy 54 W,Fayetteville,30214,Georgia
105,Fort Gillem (ATL15),within the former Fort Gillem property,Forest Park,30297,Georgia
106,within the former Fort Gillem property,within the former Fort Gillem property,Forest Park,30297,Georgia
107,Forsyth Technology Campus,Johnstonville Rd & I-75,Forsyth,31029,Georgia
108,Google Rumble Road,Rumble Rd,Forsyth,31029,Georgia
109,Rumble Technology Campus,Rumble Rd,Forsyth,31029,Georgia
110,"Switch Atlanta North is a planned data center campus located in Cartersville, Georgia. The campus will span 126 acres and is set to feature cutting-edge infrastructure, including a single data center facility approximately 1,620 feet in length for the first phase of the development.",High Falls Rd & South McDonough Rd,Griffin,30223,Georgia
111,Wallace Jackson Data Center Campus,Jackson Rd & Wallace Rd,Griffin,30223,Georgia
112,"Bolingbroke Technology Center is a planned 900-acre data center campus in Monroe County, Georgia, designed to support large-scale digital infrastructure.",McDonough Hampton Rd,Hampton,30228,Georgia
113,"Henderson Farms Campus is a 133-acre data center approved in Hampton, Georgia, part of a larger mixed-use development, featuring three 195,000 sq ft buildings and an electrical substation.",McDonough Hampton Rd,Hampton,30228,Georgia
114,McDonough Hampton Rd,McDonough Hampton Rd,Hampton,30228,Georgia
115,Pumpkin Technology Campus,Wrightsboro Rd & Appling Harlem Rd,Harlem,30814,Georgia
116,Pumpkin Technology Campus DC1,Wrightsboro Rd & Appling Harlem Rd,Harlem,30814,Georgia
117,Pumpkin Technology Campus DC2,Wrightsboro Rd & Appling Harlem Rd,Harlem,30814,Georgia
118,Pumpkin Technology Campus DC3,Wrightsboro Rd & Appling Harlem Rd,Harlem,30814,Georgia
119,Pumpkin Technology Campus DC4,Wrightsboro Rd & Appling Harlem Rd,Harlem,30814,Georgia
120,Form8tion LaGrange,411 Pegasus Parkway,LaGrange,30240,Georgia
121,Project West,Pearl Harbor Memorial Hwy (I-85) & Hamilton Rd,LaGrange,30241,Georgia
122,1 Switch Way,1 Switch Way,Lithia Springs,30122,Georgia
123,1456 Trae Ln,1456 Trae Ln,Lithia Springs,30122,Georgia
124,1601 N River Rd,1601 N River Rd,Lithia Springs,30122,Georgia
125,2250 Rock House Rd,2250 Rock House Rd,Lithia Springs,30122,Georgia
126,2335 Echo Rd,2335 Echo Rd,Lithia Springs,30122,Georgia
127,2480 Rock House Rd,2480 Rock House Rd,Lithia Springs,30122,Georgia
128,375 Riverside Pkwy,375 Riverside Pkwy,Lithia Springs,30122,Georgia
129,4764 Bakers Ferry Rd SW,4764 Bakers Ferry Rd SW,Lithia Springs,30122,Georgia
130,808 Factory Shoals Rd,808 Factory Shoals Rd,Lithia Springs,30122,Georgia
131,Atlanta AT1 Tier 4 High density data center --------------------------------------------------------------,1456 Trae Ln,Lithia Springs,30122,Georgia
132,"Atlanta AT2 is a standalone facility that meets stringent compliance requirements and operates as an integral part of the broader data center ecosystem within CoreSite, an American Tower Company.",1456 Trae Ln,Lithia Springs,30122,Georgia
133,"Colo@34 Peachtree St. in Atlanta, GA, USA. Downtown Atlanta datacenter with rich bandwidth mix and fully redundant infrastructure.",1 Switch Way,Lithia Springs,30122,Georgia
134,DC BLOX Atlanta West,1701 North River Road,Lithia Springs,30122,Georgia
135,Google Douglas County Campus,300 Riverside Pkwy,Lithia Springs,30122,Georgia
136,"Intero Systems is a carrier neutral facility convienently located 5 minutes from Atlanta International Airport, we offer a variety of colocation services including managed and unmanaged rack space with lockable half and full cabinets,",2480 Rock House Rd,Lithia Springs,30122,Georgia
137,"Microsoft is constructing a data center campus in East Point, Georgia, featuring two buildings, a power substation, privacy screening, support facilities, and landscaping.",300 Riverside Pkwy,Lithia Springs,30122,Georgia
138,Robust data center with massive growth potential on an 80-acre Southeast campus.,375 Riverside Parkway,Lithia Springs,30122,Georgia
139,T5 Data Centers - T5@Atlanta 2,1456 Trae Ln,Lithia Springs,30122,Georgia
140,T5 Data Centers - T5@Atlanta 5,1456 Trae Ln,Lithia Springs,30122,Georgia
141,T5 Data Centers - T5@Atlanta Campus,1456 Trae Ln,Lithia Springs,30122,Georgia
142,Bolingbroke Technology Campus - Bldg 5,US Highway 41 & I-475,Macon,31210,Georgia
143,"Bolingbroke Technology Center is a planned 900-acre data center campus in Monroe County, Georgia, designed to support large-scale digital infrastructure.",US Highway 41 & I-475,Macon,31210,Georgia
144,"Grind Capital Group has secured zoning approval to develop a 108MW data center campus in Marietta, Georgia, just northwest of Atlanta.",US Highway 41 & I-475,Macon,31210,Georgia
145,"Henderson Farms Campus is a 133-acre data center approved in Hampton, Georgia, part of a larger mixed-use development, featuring three 195,000 sq ft buildings and an electrical substation.",US Highway 41 & I-475,Macon,31210,Georgia
146,"Bolingbroke Technology Center is a planned 900-acre data center campus in Monroe County, Georgia, designed to support large-scale digital infrastructure.",1751 Bells Ferry Rd,Marietta,30066,Georgia
147,"Enterprise-grade Atlanta data center situated in a dynamic tech hub, offering reliable infrastructure and connectivity.",1130 Powers Ferry Place,Marietta,30067,Georgia
148,"Microsoft is constructing a data center campus in East Point, Georgia, featuring two buildings, a power substation, privacy screening, support facilities, and landscaping.",1751 Bells Ferry Rd,Marietta,30066,Georgia
149,Southern Telecom's data center colocation services provide a secure and reliable environment for enterprise data storage and disaster recovery.,1751 Bells Ferry Rd,Marietta,30066,Georgia
150,"within Maysville, 70 miles northeast of Atlanta","within Maysville, 70 miles northeast of Atlanta",Maysville,30558,Georgia
151,"ATL01 is STACK Infrastructure’s data center campus located in Alpharetta, one of Atlanta’s premier technology hubs. Spanning 18 acres, the campus includes two purpose-built buildings offering a combined 20 megawatts of critical IT capacity.",5295 Brook Hollow Pkwy,Norcross,30071,Georgia
152,Flexential Atlanta - Norcross Data Center,2775 Northwoods Parkway NW,Norcross,30071,Georgia
153,"Our ATL1 Midtown Atlanta data center is part of the CODA development – nearly 700,000 square feet of office space in Georgia Tech’s Technology Square (a.k.a.”Silicon Valley of the South”).",2836 Peterson Place Northwest,Norcross,30071,Georgia
154,8527 Williams Rd,8527 Williams Rd,Palmetto,30268,Georgia
155,"A data center campus is planned for Griffin, Georgia, on 127.45 acres of land in Spalding County. The site sits near High Falls Road, South McDonough Road, and Highway 16, just south of Atlanta.",Vann Rd NW,Rome,30165,Georgia
156,"Project Rita is a proposed data center campus in Tyrone, Georgia, encompassing two one-story buildings with a combined capacity of 96MW. The development spans 145.5 acres and includes an on-site substation.",Plainville Road NE & Hwy 53,Rome,30165,Georgia
157,CleanSpark,2015 George J Lyons Pkwy,Sandersville,31082,Georgia
158,Welcome To Sargent Rd & Wagers Mill Rd,Welcome To Sargent Rd & Wagers Mill Rd,Sargent,30263,Georgia
159,5600 United Drive,5600 United Drive,Smyrna,30082,Georgia
160,Verizon Atlanta,4000 Highland Parkway SE,Smyrna,30082,Georgia
161,100 Move Fast Way,100 Move Fast Way,Social Circle,30025,Georgia
162,200 Selig Dr SW,200 Selig Dr SW,South Fulton,30336,Georgia
163,Plummer Rd SW & Riverside Dr SW,Plummer Rd SW & Riverside Dr SW,South Fulton,30336,Georgia
164,Ubiquity,695 Brannen St,Statesboro,30461,Georgia
165,300 Satellite Blvd,300 Satellite Blvd,Suwanee,30024,Georgia
166,Serverfarm Atlanta Data Center ATL1,305 Satellite Blvd,Suwanee,30024,Georgia
167,"The Edged ATL3 data center is a beacon of modern IT infrastructure, situated in the heart of Atlanta, Georgia.",120 Satellite Boulevard,Suwanee,30024,Georgia
168,Taff Road,Taff Road,Taylorsville,30178,Georgia
169,Project Azalea,2660-2358 Randall Hunt Rd,Thomson,30824,Georgia
170,Project Azalea - Building A,2660-2358 Randall Hunt Rd,Thomson,30824,Georgia
171,Project Azalea - Building B,2660-2358 Randall Hunt Rd,Thomson,30824,Georgia
172,Project Azalea - Building C,2660-2358 Randall Hunt Rd,Thomson,30824,Georgia
173,Project Azalea - Building D,2660-2358 Randall Hunt Rd,Thomson,30824,Georgia
174,Project Azalea - Building E,2660-2358 Randall Hunt Rd,Thomson,30824,Georgia
175,Project Azalea - Building F,2660-2358 Randall Hunt Rd,Thomson,30824,Georgia
176,1960-2044 Georgia State Route 74,1960-2044 Georgia State Route 74,Tyrone,30290,Georgia
177,"Grind Capital Group has secured zoning approval to develop a 108MW data center campus in Marietta, Georgia, just northwest of Atlanta.",1960 Georgia State Route 74,Tyrone,30290,Georgia
178,"Project Rita is a proposed data center campus in Tyrone, Georgia, encompassing two one-story buildings with a combined capacity of 96MW. The development spans 145.5 acres and includes an on-site substation.",2044 Georgia State Route 74,Tyrone,30290,Georgia
179,4810 Stonewall Tell Rd,4810 Stonewall Tell Rd,Union City,30349,Georgia
180,Microsoft Union City Campus,4810 Stonewall Tell Rd,Union City,30349,Georgia
181,TA Realty ATL03,7170 Red Oak Rd,Union City,30291,Georgia
182,CleanSpark,430 Davis Rd,Vidalia,30474,Georgia
183,"Atlas Development is planning a large-scale data center campus outside Rome, Georgia, known as Project Gracie. The facility will cover 2.395 million square feet and consist of seven buildings on a greenfield site along Vann Road NW.",55-63 Goldworth Rd,Villa Rica,30180,Georgia
184,CleanSpark,197 Dixie Wood Rd,Washington,30673,Georgia
185,SAS 70 certified Atlanta Data Center providing excellent network interconnectivity at low cost.,2912 Post Rd,Winston,30187,Georgia
